{
  "camera matrix": [
    [
      1260.3334791991447,
      0.0,
      532.220299289955
    ],
    [
      0.0,
      1302.8934016744954,
      684.52119146927
    ],
    [
      0.0,
      0.0,
      1.0
    ]
  ],
  "distortion params": [
    [
      -0.2689385770312536,
      0.2558951374706575,
      -0.0366345147832941,
      0.015521947545759264,
      0.13600934830811648
    ]
  ],
  "rotation vectors": [
    [
      [
        -0.1001101689967361
      ],
      [
        0.2102878356637415
      ],
      [
        1.6009643584337925
      ]
    ]
  ],
  "translation vectors": [
    [
      [
        107.52703132879368
      ],
      [
        -165.4278011532134
      ],
      [
        430.75843254320193
      ]
    ]
  ]
}